[{"C:\\Windows\\System32\\drivers\\etc\\hosts": "ASCII"}, {"C:\\Users\\jaiyah\\Downloads\\prism.css": "ASCII"}, {"C:\\Users\\jaiyah\\Downloads\\jaehee\\images\\main.js": "UTF-8"}, {"C:\\Users\\jaiyah\\Downloads\\server.xml": "ASCII"}, {"C:\\Users\\jaiyah\\Desktop\\Sublime Text Build 3083\\Data\\Packages\\User\\Default (Windows).sublime-keymap": "ASCII"}, {"C:\\Users\\jaiyah\\Desktop\\comp\\config\\compass.rb": "ASCII"}, {"\\\\hq-fileserver\\wbc\\8002.\uac8c\uc784\uc6f9\ud504\ub85c\ubaa8\uc158\ud30c\ud2b8\\01.\ud504\ub85c\ubaa8\uc158\\01.MMORPG\\04.Blade&Soul\\2015\\20150923_\ud48d\uc131\ud55c \ubcf4\ubb3c\ucc3d\uace0\\03.\ub514\uc790\uc778\\\ube14\uc18c_\ud48d\uc131\ud55c \ubcf4\ubb3c\ucc3d\uace0_ui\uac1c\ubc1c\\jsp\\_index.jsp": "UTF-8"}, {"\\\\hq-fileserver\\wbc\\8002.\uac8c\uc784\uc6f9\ud504\ub85c\ubaa8\uc158\ud30c\ud2b8\\01.\ud504\ub85c\ubaa8\uc158\\01.MMORPG\\04.Blade&Soul\\2015\\20150923_\ud48d\uc131\ud55c \ubcf4\ubb3c\ucc3d\uace0\\03.\ub514\uc790\uc778\\\ube14\uc18c_\ud48d\uc131\ud55c \ubcf4\ubb3c\ucc3d\uace0_ui\uac1c\ubc1c\\jsp\\_promotion.jsp": "ASCII"}, {"F:\\book-study\\sass-workflow-master\\DATA\\DAY13\\css\\globbing.css": "ASCII"}, {"\\\\hq-fileserver\\wbc\\8002.\uac8c\uc784\uc6f9\ud504\ub85c\ubaa8\uc158\ud30c\ud2b8\\01.\ud504\ub85c\ubaa8\uc158\\01.MMORPG\\01.\ub9ac\ub2c8\uc9c0\\2015\\20150916_\uc9c0\ub2c8\uc5b4\uc2a4_\uc624\ub9bc\uc758 \uac00\ub137\\03.\ub514\uc790\uc778\\PC\\UI\uac1c\ubc1c\\V1\\jsp\\_promotion.jsp": "ASCII"}, {"C:\\Users\\jaiyah\\.bashrc": "ASCII"}, {"C:\\Users\\jaiyah\\Desktop\\Sublime Text Build 3083\\Data\\Packages\\User\\Preferences.sublime-settings": "ASCII"}, {"C:\\Users\\jaiyah\\Desktop\\Sublime Text Build 3083\\Data\\Packages\\User\\Sass.sublime-settings": "ASCII"}, {"C:\\Users\\jaiyah\\Desktop\\SUBLIM~1\\Data\\Packages\\User\\Default (Windows).sublime-keymap": "ASCII"}, {"C:\\Users\\jaiyah\\Desktop\\SUBLIM~1\\Data\\Packages\\User\\Preferences.sublime-settings": "ASCII"}, {"C:\\Users\\jaiyah\\Desktop\\config.rb": "ASCII"}, {"\\\\hq-fileserver\\wbc\\8002.\uac8c\uc784\uc6f9\ud504\ub85c\ubaa8\uc158\ud30c\ud2b8\\01.\ud504\ub85c\ubaa8\uc158\\01.MMORPG\\01.\ub9ac\ub2c8\uc9c0\\2015\\20150909_\ub4dc\ub8e8\uc640 \ud669\uae08 \uc8fc\uc0ac\uc704 \uc5d0\ud53c\uc18c\ub4dc2\\03.\ub514\uc790\uc778\\\uace0\ub300\uc2e0\uc758_\ud669\uae08\uc8fc\uc0ac\uc704_\uc5f0\ub3d9_\ub354\ubbf8_\ud50c\ub798\uc2dc_\ud30c\uc77c\\goldendice.html": "EUC-KR"}, {"C:\\Users\\jaiyah\\Desktop\\Sublime Text Build 3083\\Data\\Packages\\User\\FileFetch.py": "ASCII"}, {"C:\\Users\\jaiyah\\Desktop\\Sublime Text Build 3083\\Data\\Packages\\SublimeCodeIntel\\Context.sublime-menu": "ASCII"}, {"C:\\Users\\jaiyah\\Desktop\\FileFetch.py": "ASCII"}, {"C:\\Users\\jaiyah\\Desktop\\FileFetch.sublime-settings": "ASCII"}, {"C:\\Users\\jaiyah\\Desktop\\Sublime Text Build 3083\\Data\\Packages\\User\\FileFetch.sublime-settings": "ASCII"}, {"C:\\Users\\jaiyah\\Desktop\\Sublime Text Build 3083\\Data\\Packages\\User\\Fetch.sublime-settings": "ASCII"}, {"F:\\Project\\srcFactory\\sass\\style.scss": "UTF-8"}, {"F:\\Project\\compile_css\\scss.css": "ASCII"}, {"F:\\Project\\compile_css\\srcFactory\\sass\\style.css": "UTF-8"}, {"F:\\Project\\compile_css\\srcFactory\\sass\\compile.css": "ASCII"}, {"F:\\Project\\scss.css": "ASCII"}, {"F:\\Project\\scss.css.map": "ASCII"}, {"F:\\Project\\config\\compass.rb": "ASCII"}, {"F:\\Project\\template\\guide\\form_type.html": "UTF-8"}, {"F:\\Project\\template\\guide\\IA.html": "UTF-8"}, {"F:\\Project\\spa-master\\ch03\\3.2.1\\layout.html": "UTF-8"}, {"F:\\Project\\spa-master\\ch01\\spa-1.2.2.html": "UTF-8"}, {"F:\\Project\\spa-master\\ch01\\spa-1.2.1.html": "UTF-8"}, {"F:\\Project\\spa-master\\ch03\\3.2.4\\spa.html": "UTF-8"}, {"C:\\Users\\jaiyah\\Desktop\\sass-workflow-PSD2HTML-Sass\\sass\\grid\\_grid-guide.sass": "UTF-8"}, {"C:\\Users\\jaiyah\\Desktop\\sass-workflow-PSD2HTML-Sass\\sass\\page\\part\\_contents.sass": "UTF-8"}, {"C:\\Users\\jaiyah\\Desktop\\sass-workflow-PSD2HTML-Sass\\o.txt": "EUC-KR"}, {"C:\\Users\\jaiyah\\Desktop\\sass-workflow-PSD2HTML-Sass\\o.css": "EUC-KR"}, {"C:\\Users\\jaiyah\\Desktop\\sass-workflow-PSD2HTML-Sass\\o.html": "EUC-KR"}, {"C:\\Users\\jaiyah\\Desktop\\sass-workflow-PSD2HTML-Sass\\out.txt": "EUC-KR"}, {"C:\\Users\\jaiyah\\Desktop\\sass-workflow-PSD2HTML-Sass\\sass\\common\\part\\_classes.scss": "ASCII"}, {"C:\\Users\\jaiyah\\Desktop\\sass-workflow-PSD2HTML-Sass\\sass\\common\\_common.sass": "UTF-8"}, {"C:\\Users\\jaiyah\\Desktop\\sass-workflow-PSD2HTML-Sass\\sass\\common\\part\\_print.scss": "ASCII"}, {"C:\\Users\\jaiyah\\Desktop\\sass-workflow-PSD2HTML-Sass\\sass\\common\\part\\_normalize.scss": "UTF-8"}, {"C:\\Users\\jaiyah\\Desktop\\sass-workflow-PSD2HTML-Sass\\css\\style.css": "UTF-8"}, {"C:\\Users\\jaiyah\\Desktop\\sass-workflow-PSD2HTML-Sass\\sass\\style.sass": "UTF-8"}, {"C:\\Users\\jaiyah\\Desktop\\sass-workflow-PSD2HTML-Sass\\index.html": "UTF-8"}, {"C:\\Users\\jaiyah\\Desktop\\sass-workflow-PSD2HTML-Sass\\sass\\grid\\_gs-1200-10-80-10.scss": "ASCII"}, {"C:\\Users\\jaiyah\\Desktop\\sass-workflow-PSD2HTML-Sass\\sass\\page\\part\\_nav.sass": "UTF-8"}, {"C:\\Users\\jaiyah\\Desktop\\sass-workflow-PSD2HTML-Sass\\sass\\page\\part\\_header.sass": "UTF-8"}, {"C:\\Users\\jaiyah\\Desktop\\sass-workflow-PSD2HTML-Sass\\sass\\page\\part\\_footer.sass": "UTF-8"}, {"C:\\Users\\jaiyah\\Desktop\\sass-workflow-PSD2HTML-Sass\\sass\\page\\part\\_cta.sass": "UTF-8"}, {"C:\\Users\\jaiyah\\Desktop\\sass-workflow-PSD2HTML-Sass\\sass\\page\\_page.sass": "UTF-8"}, {"C:\\Users\\jaiyah\\Desktop\\Sublime Text Build 3083\\Data\\Packages\\User\\snippets\\self_fn.sublime-snippet": "UTF-8"}, {"C:\\Users\\jaiyah\\Desktop\\Sublime Text Build 3083\\Data\\Packages\\User\\Emmet.sublime-settings": "UTF-8"}, {"C:\\Users\\jaiyah\\Desktop\\test\\css\\test.css": "ASCII"}, {"C:\\Users\\jaiyah\\Desktop\\test\\js\\test.js": "ASCII"}, {"C:\\Users\\jaiyah\\Desktop\\test\\test.html": "ASCII"}, {"C:\\Users\\jaiyah\\Desktop\\bracket-highlighter\\bracket highlighter - \uceec\ub7ec&\ubaa8\uc591 \uc218\uc815.xml": "UTF-8"}, {"C:\\Users\\jaiyah\\Desktop\\Monokai Gravity (SL).tmTheme": "ASCII"}, {"C:\\Users\\jaiyah\\Desktop\\Sublime Text Build 3083\\Data\\Packages\\User\\bh_core.sublime-settings": "ASCII"}, {"C:\\Users\\jaiyah\\Desktop\\test\\test\\id.html": "UTF-8"}, {"C:\\Users\\jaiyah\\Desktop\\Sublime Text Build 3083\\Data\\Packages\\User\\snippets\\customFn.sublime-snippet": "UTF-8"}, {"C:\\Users\\jaiyah\\Desktop\\Sublime Text Build 3083\\Data\\Packages\\User\\snippets\\via.sublime-snippet": "UTF-8"}, {"C:\\Users\\jaiyah\\Desktop\\Sublime Text Build 3083\\Data\\Packages\\User\\snippets\\anoFn.sublime-snippet": "UTF-8"}]